{"cameraMode":{"drawMode":0,"name":"Shaded","section":"Shading Mode"},"sceneLighting":true,"audioPlay":false,"sceneViewState":{"showFog":true,"showMaterialUpdate":false,"showSkybox":true,"showFlares":true,"showImageEffects":true,"showParticleSystems":true},"in2DMode":false,"pivot":{"x":262.70001220703127,"y":25.899993896484376,"z":0.0},"rotation":{"x":-0.08686338365077973,"y":-0.20120681822299958,"z":0.017919644713401796,"w":-0.9755252599716187},"size":237.42236328125,"orthographic":false}