{"cameraMode":{"drawMode":0,"name":"Shaded","section":"Shading Mode"},"sceneLighting":true,"audioPlay":false,"sceneViewState":{"showFog":true,"showMaterialUpdate":false,"showSkybox":true,"showFlares":true,"showImageEffects":true,"showParticleSystems":true},"in2DMode":false,"pivot":{"x":24.288469314575197,"y":-0.6012420654296875,"z":-38.150211334228519},"rotation":{"x":-0.1125258281826973,"y":-0.4243325889110565,"z":0.05324108526110649,"w":-0.896908700466156},"size":753.3936767578125,"orthographic":false}